title,imageUrl,affiliateLink,price,originalPrice,category,description,source,badge,rating,reviewCount,emoji
"3-in-1 Foldable Magnetic Wireless Charging Station","https://images.unsplash.com/photo-1622445262464-84b1456045b6?auto=format&fit=crop&w=600&q=80","https://www.amazon.in/dp/B09C5R8FGL?tag=ironrites-21","2499","3999","Gadgets","Fast wireless charging dock capable of charging your iPhone, Apple Watch, and AirPods simultaneously. Foldable travel-friendly design with strong magnetic hold.","amazon","Amazon Choice","4.7","420","⚡"
"Anker Magnetic Power Bank 10,000mAh with Kickstand","https://images.unsplash.com/photo-1609592424369-1748364746f3?auto=format&fit=crop&w=600&q=80","https://www.amazon.in/dp/B099T8C8YY?tag=ironrites-21","3499","4999","Gadgets","Snap-and-go 10,000mAh magnetic portable charger with built-in foldable kickstand for hands-free FaceTime or video watching while recharging.","amazon","Best Seller","4.6","580","🔋"
"Smart Monitor Light Bar with Auto-Dimming Sensor","https://images.unsplash.com/photo-1593062096033-9a26b09da705?auto=format&fit=crop&w=600&q=80","https://www.amazon.in/dp/B08CXL3YQ8?tag=ironrites-21","2999","4499","Gadgets","Desk lamp alternative that clips securely onto your monitor. Features intelligent ambient light sensing, touch brightness controls, and zero screen glare.","amazon","Top Pick","4.8","310","💡"
"Logitech MX Master 3S Ergonomic Wireless Mouse","https://images.unsplash.com/photo-1615663245857-ac93bb7c39e7?auto=format&fit=crop&w=600&q=80","https://www.amazon.in/dp/B0B11G8J73?tag=ironrites-21","8995","10995","Gadgets","Quiet Clicks performance mouse with 8K DPI any-surface tracking and MagSpeed electromagnetic scrolling. Multi-device Bluetooth and USB receiver support.","amazon","Best Seller","4.9","1450","🖱️"
"Keychron K2 Wireless Mechanical Keyboard (RGB)","https://images.unsplash.com/photo-1587829741301-dc798b83add3?auto=format&fit=crop&w=600&q=80","https://www.amazon.in/dp/B07YB32H52?tag=ironrites-21","7499","9999","Gadgets","75% compact wireless mechanical keyboard designed for Mac and Windows. Connects up to 3 devices with hot-swappable Gateron switches and vibrant RGB backlighting.","amazon","Amazon Choice","4.7","620","⌨️"
"Sony WH-1000XM5 Noise-Cancelling Wireless Headphones","https://images.unsplash.com/photo-1546435770-a3e426bf472b?auto=format&fit=crop&w=600&q=80","https://www.amazon.in/dp/B09XS7JWHH?tag=ironrites-21","26990","34990","Gadgets","Industry-leading noise cancellation powered by dual processors and 8 microphones. Up to 30-hour battery life with ultra-comfortable lightweight fit.","amazon","Best Seller","4.8","2340","🎧"
"100W GaN 4-Port Fast USB-C Desktop Charger","https://images.unsplash.com/photo-1583863788434-e58a36330cf0?auto=format&fit=crop&w=600&q=80","https://www.amazon.in/dp/B08X428MD6?tag=ironrites-21","4299","5999","Gadgets","Next-generation Gallium Nitride (GaN) fast charger. Power 2 laptops and 2 smartphones simultaneously at maximum speed without overheating.","amazon","Top Pick","4.7","390","🔌"
"Smart WiFi Plug with Energy Monitoring (16A)","https://images.unsplash.com/photo-1558002038-1055907df827?auto=format&fit=crop&w=600&q=80","https://www.amazon.in/dp/B07Z3K3F33?tag=ironrites-21","999","1999","Gadgets","Voice-controlled smart plug compatible with Alexa and Google Assistant. Schedule timers, monitor electricity consumption, and automate high-power home appliances.","amazon","Amazon Choice","4.5","870","⚡"
"Stream Deck MK.2 Customizable 15-Key Controller","https://images.unsplash.com/photo-1550745165-9bc0b252726f?auto=format&fit=crop&w=600&q=80","https://www.amazon.in/dp/B09738CV2G?tag=ironrites-21","13999","16999","Gadgets","15 customizable LCD keys to control apps, tools, and platforms with a single touch. Perfect for video editing, streaming, and developer automation setups.","amazon","Creator Choice","4.9","910","🎮"
"Smart Bluetooth Anti-Lost Item Tracker Tag","https://images.unsplash.com/photo-1627989580065-de6d83204781?auto=format&fit=crop&w=600&q=80","https://www.amazon.in/dp/B0933BVK6T?tag=ironrites-21","1499","2499","Gadgets","Keep track of keys, backpack, wallet, and luggage with precision finding, loud audible chime, and crowd-sourced mesh network tracking.","amazon","Amazon Choice","4.6","530","📍"
